{
    "62727602c2842": {
        "userDetails": {
            "name": "Ankit Chauhan",
            "email": "ankitchauhan0891@gmail.com",
            "phone": "9067117191",
            "password": "90671@Bc"
        },
        "cart": {
            "6274b35c6d238": {
                "quantity": "1"
            },
            "6274b35c6d273": {
                "quantity": "1"
            },
            "6274b35c6d2ad": {
                "quantity": "1"
            },
            "6274b35c6d2e7": {
                "quantity": "1"
            }
        },
        "order": []
    },
    "6274fc4db21f3": {
        "userDetails": {
            "name": "Darshit Busa",
            "email": "darshitbusa@gmail.com",
            "phone": "8585858585",
            "password": "90671@Bc"
        },
        "cart": {
            "6274b35c6d273": {
                "quantity": "2"
            },
            "6274b35c6d17f": {
                "quantity": "3"
            }
        },
        "order": []
    }
}